-- Script was generated by Devart dbForge Studio for MySQL, Version 6.0.128.0
-- Product home page: http://www.devart.com/dbforge/mysql/studio
-- Script date 06/02/2023 5:33:10 pm
-- Server version: 5.5.5-10.4.24-MariaDB
-- Client version: 4.1

-- 
-- Disable foreign keys
-- 
/*!40014 SET @OLD_FOREIGN_KEY_CHECKS=@@FOREIGN_KEY_CHECKS, FOREIGN_KEY_CHECKS=0 */;

-- 
-- Set character set the client will use to send SQL statements to the server
--
SET NAMES 'utf8';

-- 
-- Set default database
--
USE db_barangay;

--
-- Definition for table form_type
--
DROP TABLE IF EXISTS form_type;
CREATE TABLE form_type (
  req_id INT(11) NOT NULL AUTO_INCREMENT,
  request_type VARCHAR(50) DEFAULT 'NULL',
  fee DECIMAL(20, 6) DEFAULT NULL,
  PRIMARY KEY (req_id)
)
ENGINE = INNODB
AUTO_INCREMENT = 9
AVG_ROW_LENGTH = 2048
CHARACTER SET latin1
COLLATE latin1_swedish_ci
ROW_FORMAT = DYNAMIC;

--
-- Definition for table payment_method
--
DROP TABLE IF EXISTS payment_method;
CREATE TABLE payment_method (
  pay_id INT(11) NOT NULL AUTO_INCREMENT,
  payment_type VARCHAR(50) DEFAULT 'NULL',
  shipping_fee DOUBLE DEFAULT NULL,
  description VARCHAR(50) DEFAULT 'NULL',
  PRIMARY KEY (pay_id)
)
ENGINE = INNODB
AUTO_INCREMENT = 4
AVG_ROW_LENGTH = 8192
CHARACTER SET latin1
COLLATE latin1_swedish_ci
ROW_FORMAT = DYNAMIC;

--
-- Definition for table receipt_transaction
--
DROP TABLE IF EXISTS receipt_transaction;
CREATE TABLE receipt_transaction (
  recep_id INT(11) NOT NULL AUTO_INCREMENT,
  req_form_information_id INT(11) DEFAULT NULL,
  req_id INT(11) DEFAULT NULL,
  req_form_type_id INT(11) DEFAULT NULL,
  pay_id INT(11) DEFAULT NULL,
  or_no VARCHAR(50) DEFAULT NULL,
  contact_no VARCHAR(50) DEFAULT NULL,
  total_amount DECIMAL(20, 6) DEFAULT NULL,
  delivery_address VARCHAR(255) DEFAULT NULL,
  status INT(11) NOT NULL DEFAULT 1,
  created_at DATETIME NOT NULL DEFAULT current_timestamp(),
  updated_at DATETIME DEFAULT current_timestamp() ON UPDATE CURRENT_TIMESTAMP(),
  PRIMARY KEY (recep_id)
)
ENGINE = INNODB
AUTO_INCREMENT = 131
AVG_ROW_LENGTH = 744
CHARACTER SET latin1
COLLATE latin1_swedish_ci
ROW_FORMAT = DYNAMIC;

--
-- Definition for table request_form_information
--
DROP TABLE IF EXISTS request_form_information;
CREATE TABLE request_form_information (
  req_form_information_id INT(11) NOT NULL AUTO_INCREMENT,
  user_id INT(11) DEFAULT NULL,
  house_member_id INT(11) DEFAULT NULL,
  address VARCHAR(255) DEFAULT 'NULL',
  created_at DATETIME DEFAULT 'current_timestamp()',
  updated_at DATETIME DEFAULT 'current_timestamp()' ON UPDATE CURRENT_TIMESTAMP,
  status VARCHAR(100) NOT NULL,
  schedule_pickup VARCHAR(100) NOT NULL,
  PRIMARY KEY (req_form_information_id)
)
ENGINE = INNODB
AUTO_INCREMENT = 98
AVG_ROW_LENGTH = 1638
CHARACTER SET latin1
COLLATE latin1_swedish_ci
ROW_FORMAT = DYNAMIC;

--
-- Definition for table request_form_type
--
DROP TABLE IF EXISTS request_form_type;
CREATE TABLE request_form_type (
  req_form_type_id INT(11) NOT NULL AUTO_INCREMENT,
  req_form_information_id INT(11) DEFAULT NULL,
  req_id INT(11) DEFAULT 0,
  purpose VARCHAR(50) NOT NULL,
  terms_of_living VARCHAR(50) NOT NULL,
  cedula_number VARCHAR(100) NOT NULL,
  date_deceased VARCHAR(100) NOT NULL,
  place_of_death VARCHAR(255) NOT NULL,
  father_name VARCHAR(255) NOT NULL,
  mother_name VARCHAR(255) NOT NULL,
  father_age VARCHAR(100) NOT NULL,
  mother_age VARCHAR(100) NOT NULL,
  animal_name VARCHAR(100) NOT NULL,
  num_animal INT(11) NOT NULL,
  sell_to VARCHAR(100) NOT NULL,
  address_person VARCHAR(100) NOT NULL,
  name_partner VARCHAR(100) NOT NULL,
  bdate_partner VARCHAR(100) NOT NULL,
  living_together VARCHAR(100) NOT NULL,
  num_living_together INT(11) NOT NULL,
  created_at DATETIME DEFAULT 'current_timestamp()',
  updated_at DATETIME DEFAULT 'current_timestamp()' ON UPDATE CURRENT_TIMESTAMP,
  date_pickup VARCHAR(300) NOT NULL,
  PRIMARY KEY (req_form_type_id)
)
ENGINE = INNODB
AUTO_INCREMENT = 130
AVG_ROW_LENGTH = 1638
CHARACTER SET latin1
COLLATE latin1_swedish_ci
ROW_FORMAT = DYNAMIC;

--
-- Definition for table status_type
--
DROP TABLE IF EXISTS status_type;
CREATE TABLE status_type (
  id INT(11) NOT NULL AUTO_INCREMENT,
  status_type VARCHAR(50) DEFAULT 'NULL',
  PRIMARY KEY (id)
)
ENGINE = INNODB
AUTO_INCREMENT = 9
AVG_ROW_LENGTH = 2048
CHARACTER SET latin1
COLLATE latin1_swedish_ci
ROW_FORMAT = DYNAMIC;

--
-- Definition for table tbl_announcement
--
DROP TABLE IF EXISTS tbl_announcement;
CREATE TABLE tbl_announcement (
  announce_id INT(11) NOT NULL AUTO_INCREMENT,
  ann_title VARCHAR(100) NOT NULL,
  ann_description VARCHAR(100) NOT NULL,
  ann_images VARCHAR(300) NOT NULL,
  ann_date_posted VARCHAR(100) NOT NULL,
  PRIMARY KEY (announce_id)
)
ENGINE = INNODB
AUTO_INCREMENT = 4
AVG_ROW_LENGTH = 8192
CHARACTER SET latin1
COLLATE latin1_swedish_ci
ROW_FORMAT = DYNAMIC;

--
-- Definition for table tbl_complain
--
DROP TABLE IF EXISTS tbl_complain;
CREATE TABLE tbl_complain (
  id INT(11) NOT NULL AUTO_INCREMENT,
  caseno VARCHAR(255) DEFAULT 'NULL',
  residentid INT(11) DEFAULT NULL,
  againstto VARCHAR(255) DEFAULT 'NULL',
  datesched DATE NOT NULL,
  time TIME NOT NULL,
  createdon DATETIME NOT NULL,
  purpose VARCHAR(255) DEFAULT 'NULL',
  complain_description VARCHAR(255) DEFAULT 'NULL',
  response VARCHAR(255) DEFAULT 'NULL',
  status VARCHAR(255) DEFAULT 'NULL',
  PRIMARY KEY (id)
)
ENGINE = INNODB
AUTO_INCREMENT = 3
AVG_ROW_LENGTH = 8192
CHARACTER SET utf8mb4
COLLATE utf8mb4_general_ci
ROW_FORMAT = DYNAMIC;

--
-- Definition for table tbl_resident_house_member
--
DROP TABLE IF EXISTS tbl_resident_house_member;
CREATE TABLE tbl_resident_house_member (
  household_id INT(11) NOT NULL AUTO_INCREMENT,
  f_name VARCHAR(300) NOT NULL,
  l_name VARCHAR(100) NOT NULL,
  m_name VARCHAR(100) NOT NULL,
  hmemberb_date VARCHAR(300) NOT NULL,
  hmember_relationship VARCHAR(300) NOT NULL,
  hmember_occupation VARCHAR(300) NOT NULL,
  household_uk VARCHAR(300) NOT NULL,
  PRIMARY KEY (household_id)
)
ENGINE = INNODB
AUTO_INCREMENT = 34
AVG_ROW_LENGTH = 1820
CHARACTER SET latin1
COLLATE latin1_swedish_ci
ROW_FORMAT = DYNAMIC;

--
-- Definition for table tbl_resident_new
--
DROP TABLE IF EXISTS tbl_resident_new;
CREATE TABLE tbl_resident_new (
  resident_id INT(11) NOT NULL AUTO_INCREMENT,
  l_name VARCHAR(50) NOT NULL,
  f_name VARCHAR(50) NOT NULL,
  m_name VARCHAR(50) NOT NULL,
  email VARCHAR(100) NOT NULL,
  contact_no VARCHAR(20) NOT NULL,
  address VARCHAR(100) NOT NULL,
  username VARCHAR(50) NOT NULL,
  password VARCHAR(50) NOT NULL,
  fullname_hhead VARCHAR(50) NOT NULL,
  bday_hhead VARCHAR(50) NOT NULL,
  occu_hhead VARCHAR(50) NOT NULL,
  status VARCHAR(50) NOT NULL,
  fullname_spouse VARCHAR(50) NOT NULL,
  bday_spouse VARCHAR(50) NOT NULL,
  occu_spouse VARCHAR(50) NOT NULL,
  belongings VARCHAR(50) NOT NULL,
  specify_belongings VARCHAR(50) NOT NULL,
  household_member_uk VARCHAR(300) NOT NULL,
  residence_status VARCHAR(50) NOT NULL,
  specify_resident_stat VARCHAR(50) NOT NULL,
  pwd VARCHAR(50) NOT NULL,
  register_voter VARCHAR(50) NOT NULL,
  benificiary VARCHAR(50) NOT NULL,
  specify_benificiary VARCHAR(50) NOT NULL,
  pensioner VARCHAR(50) NOT NULL,
  specify_pensioner VARCHAR(50) NOT NULL,
  income_month DOUBLE(8, 2) NOT NULL,
  profile_photo VARCHAR(500) NOT NULL,
  remarks VARCHAR(500) NOT NULL,
  create_at VARCHAR(500) NOT NULL,
  PRIMARY KEY (resident_id),
  UNIQUE INDEX household_member_uk (household_member_uk)
)
ENGINE = INNODB
AUTO_INCREMENT = 9
AVG_ROW_LENGTH = 4096
CHARACTER SET latin1
COLLATE latin1_swedish_ci
ROW_FORMAT = DYNAMIC;

--
-- Definition for table tblactivity
--
DROP TABLE IF EXISTS tblactivity;
CREATE TABLE tblactivity (
  id INT(11) NOT NULL AUTO_INCREMENT,
  dateofactivity DATE NOT NULL,
  activity TEXT NOT NULL,
  description TEXT NOT NULL,
  PRIMARY KEY (id)
)
ENGINE = INNODB
AUTO_INCREMENT = 2
CHARACTER SET latin1
COLLATE latin1_swedish_ci
ROW_FORMAT = DYNAMIC;

--
-- Definition for table tblactivityphoto
--
DROP TABLE IF EXISTS tblactivityphoto;
CREATE TABLE tblactivityphoto (
  id INT(11) NOT NULL AUTO_INCREMENT,
  activityid INT(11) NOT NULL,
  filename TEXT NOT NULL,
  PRIMARY KEY (id)
)
ENGINE = INNODB
AUTO_INCREMENT = 2
CHARACTER SET latin1
COLLATE latin1_swedish_ci
ROW_FORMAT = DYNAMIC;

--
-- Definition for table tblblotter
--
DROP TABLE IF EXISTS tblblotter;
CREATE TABLE tblblotter (
  id INT(11) NOT NULL AUTO_INCREMENT,
  yearRecorded VARCHAR(4) NOT NULL,
  dateRecorded DATE NOT NULL,
  complainant TEXT NOT NULL,
  cage INT(11) NOT NULL,
  caddress TEXT NOT NULL,
  ccontact INT(11) NOT NULL,
  personToComplain TEXT NOT NULL,
  page INT(11) NOT NULL,
  paddress TEXT NOT NULL,
  pcontact INT(11) NOT NULL,
  complaint TEXT NOT NULL,
  actionTaken VARCHAR(50) NOT NULL,
  sStatus VARCHAR(50) NOT NULL,
  locationOfIncidence TEXT NOT NULL,
  recordedby VARCHAR(50) NOT NULL,
  PRIMARY KEY (id)
)
ENGINE = INNODB
AUTO_INCREMENT = 1
CHARACTER SET latin1
COLLATE latin1_swedish_ci
ROW_FORMAT = DYNAMIC;

--
-- Definition for table tblclearance
--
DROP TABLE IF EXISTS tblclearance;
CREATE TABLE tblclearance (
  id INT(11) NOT NULL AUTO_INCREMENT,
  clearanceNo INT(11) NOT NULL,
  residentid INT(11) NOT NULL,
  findings TEXT NOT NULL,
  purpose TEXT NOT NULL,
  orNo INT(11) NOT NULL,
  samount INT(11) NOT NULL,
  dateRecorded DATE NOT NULL,
  recordedBy VARCHAR(50) NOT NULL,
  status VARCHAR(20) NOT NULL,
  PRIMARY KEY (id)
)
ENGINE = INNODB
AUTO_INCREMENT = 5
AVG_ROW_LENGTH = 8192
CHARACTER SET latin1
COLLATE latin1_swedish_ci
ROW_FORMAT = DYNAMIC;

--
-- Definition for table tblhousehold
--
DROP TABLE IF EXISTS tblhousehold;
CREATE TABLE tblhousehold (
  id INT(11) NOT NULL AUTO_INCREMENT,
  householdno INT(11) NOT NULL,
  zone VARCHAR(11) NOT NULL,
  totalhouseholdmembers INT(2) NOT NULL,
  headoffamily VARCHAR(100) NOT NULL,
  PRIMARY KEY (id)
)
ENGINE = INNODB
AUTO_INCREMENT = 1
CHARACTER SET latin1
COLLATE latin1_swedish_ci
ROW_FORMAT = DYNAMIC;

--
-- Definition for table tbllogs
--
DROP TABLE IF EXISTS tbllogs;
CREATE TABLE tbllogs (
  id INT(11) NOT NULL AUTO_INCREMENT,
  user VARCHAR(50) NOT NULL,
  logdate DATETIME NOT NULL,
  action TEXT NOT NULL,
  PRIMARY KEY (id)
)
ENGINE = INNODB
AUTO_INCREMENT = 12
AVG_ROW_LENGTH = 1489
CHARACTER SET latin1
COLLATE latin1_swedish_ci
ROW_FORMAT = DYNAMIC;

--
-- Definition for table tblofficial
--
DROP TABLE IF EXISTS tblofficial;
CREATE TABLE tblofficial (
  id INT(11) NOT NULL AUTO_INCREMENT,
  sPosition VARCHAR(50) NOT NULL,
  completeName TEXT NOT NULL,
  pcontact VARCHAR(20) NOT NULL,
  paddress TEXT NOT NULL,
  termStart DATE NOT NULL,
  termEnd DATE NOT NULL,
  status VARCHAR(20) NOT NULL,
  PRIMARY KEY (id)
)
ENGINE = INNODB
AUTO_INCREMENT = 12
AVG_ROW_LENGTH = 2048
CHARACTER SET latin1
COLLATE latin1_swedish_ci
ROW_FORMAT = DYNAMIC;

--
-- Definition for table tblpermit
--
DROP TABLE IF EXISTS tblpermit;
CREATE TABLE tblpermit (
  id INT(11) NOT NULL AUTO_INCREMENT,
  residentid INT(11) NOT NULL,
  businessName TEXT NOT NULL,
  businessAddress TEXT NOT NULL,
  typeOfBusiness VARCHAR(50) NOT NULL,
  orNo INT(11) NOT NULL,
  samount INT(11) NOT NULL,
  dateRecorded DATE NOT NULL,
  recordedBy VARCHAR(50) NOT NULL,
  status VARCHAR(20) NOT NULL,
  PRIMARY KEY (id)
)
ENGINE = INNODB
AUTO_INCREMENT = 2
CHARACTER SET latin1
COLLATE latin1_swedish_ci
ROW_FORMAT = DYNAMIC;

--
-- Definition for table tblresident
--
DROP TABLE IF EXISTS tblresident;
CREATE TABLE tblresident (
  id INT(11) NOT NULL AUTO_INCREMENT,
  lname VARCHAR(20) NOT NULL,
  fname VARCHAR(20) NOT NULL,
  mname VARCHAR(20) NOT NULL,
  bdate VARCHAR(20) NOT NULL,
  bplace TEXT NOT NULL,
  age INT(11) NOT NULL,
  barangay VARCHAR(120) NOT NULL,
  zone VARCHAR(5) NOT NULL,
  totalhousehold INT(5) NOT NULL,
  differentlyabledperson VARCHAR(100) NOT NULL,
  relationtohead VARCHAR(50) NOT NULL,
  maritalstatus VARCHAR(50) NOT NULL,
  bloodtype VARCHAR(10) NOT NULL,
  civilstatus VARCHAR(20) NOT NULL,
  occupation VARCHAR(100) NOT NULL,
  monthlyincome INT(12) NOT NULL,
  householdnum INT(11) NOT NULL,
  lengthofstay INT(11) NOT NULL,
  religion VARCHAR(50) NOT NULL,
  nationality VARCHAR(50) NOT NULL,
  gender VARCHAR(6) NOT NULL,
  skills TEXT NOT NULL,
  igpitID INT(11) NOT NULL,
  philhealthNo INT(12) NOT NULL,
  highestEducationalAttainment VARCHAR(50) NOT NULL,
  houseOwnershipStatus VARCHAR(50) NOT NULL,
  landOwnershipStatus VARCHAR(20) NOT NULL,
  dwellingtype VARCHAR(20) NOT NULL,
  waterUsage VARCHAR(20) NOT NULL,
  lightningFacilities VARCHAR(20) NOT NULL,
  sanitaryToilet VARCHAR(20) NOT NULL,
  formerAddress TEXT NOT NULL,
  remarks TEXT NOT NULL,
  image TEXT NOT NULL,
  username VARCHAR(50) NOT NULL,
  password VARCHAR(50) NOT NULL,
  PRIMARY KEY (id)
)
ENGINE = INNODB
AUTO_INCREMENT = 3
AVG_ROW_LENGTH = 8192
CHARACTER SET latin1
COLLATE latin1_swedish_ci
ROW_FORMAT = DYNAMIC;

--
-- Definition for table tblstaff
--
DROP TABLE IF EXISTS tblstaff;
CREATE TABLE tblstaff (
  id INT(11) NOT NULL AUTO_INCREMENT,
  name VARCHAR(100) NOT NULL,
  username VARCHAR(20) NOT NULL,
  password VARCHAR(20) NOT NULL,
  PRIMARY KEY (id)
)
ENGINE = INNODB
AUTO_INCREMENT = 2
CHARACTER SET latin1
COLLATE latin1_swedish_ci
ROW_FORMAT = DYNAMIC;

--
-- Definition for table tbluser
--
DROP TABLE IF EXISTS tbluser;
CREATE TABLE tbluser (
  id INT(11) NOT NULL AUTO_INCREMENT,
  username VARCHAR(20) NOT NULL,
  password VARCHAR(20) NOT NULL,
  type VARCHAR(20) NOT NULL,
  PRIMARY KEY (id)
)
ENGINE = INNODB
AUTO_INCREMENT = 3
AVG_ROW_LENGTH = 8192
CHARACTER SET latin1
COLLATE latin1_swedish_ci
ROW_FORMAT = DYNAMIC;

--
-- Definition for table tblzone
--
DROP TABLE IF EXISTS tblzone;
CREATE TABLE tblzone (
  id INT(11) NOT NULL AUTO_INCREMENT,
  zone VARCHAR(10) NOT NULL,
  username VARCHAR(50) NOT NULL,
  password VARCHAR(50) NOT NULL,
  PRIMARY KEY (id)
)
ENGINE = INNODB
AUTO_INCREMENT = 7
AVG_ROW_LENGTH = 5461
CHARACTER SET latin1
COLLATE latin1_swedish_ci
ROW_FORMAT = DYNAMIC;

-- 
-- Dumping data for table form_type
--
INSERT INTO form_type VALUES
(1, 'Transportation of animal and slaughter', 50.000000),
(2, 'Birth Certificate', 10.000000),
(3, 'Live-in Certificate', 100.000000),
(4, 'Death Certificate', 200.000000),
(5, 'Indigency', 10.000000),
(6, 'Certificate of low income', 1.000000),
(7, 'Certificate of residency', 1.000000),
(8, 'Barangay Clearance', 1.000000);

-- 
-- Dumping data for table payment_method
--
INSERT INTO payment_method VALUES
(1, 'COD', 40, 'Cash on Delivery'),
(2, 'GCASH', NULL, 'E-payment');

-- 
-- Dumping data for table receipt_transaction
--
INSERT INTO receipt_transaction VALUES
(109, 76, 1, 76, 1, NULL, '', 0.000000, '', 2, '2022-10-07 19:22:42', '2022-10-07 19:22:46'),
(110, 77, 1, 77, 1, NULL, '', 0.000000, '', 2, '2022-10-07 19:28:09', '2022-10-07 19:28:12'),
(111, 78, 1, 78, 1, NULL, '', 0.000000, '', 2, '2022-10-07 19:30:35', '2022-10-07 19:30:38'),
(112, 79, 1, 79, 1, NULL, '', 0.000000, '', 2, '2022-10-07 19:37:18', '2022-10-07 19:37:20'),
(113, 80, 1, 116, 1, NULL, '', 0.000000, '', 2, '2022-10-07 19:41:36', '2022-10-07 19:41:38'),
(114, 81, 1, 81, 1, NULL, '', 0.000000, '', 2, '2022-10-07 19:44:49', '2022-10-07 19:44:50'),
(115, 82, 1, 117, 1, NULL, '', 0.000000, '', 2, '2022-10-07 19:45:29', '2022-10-07 19:45:31'),
(116, 83, 1, 83, 1, NULL, '', 0.000000, '', 2, '2022-10-07 19:50:20', '2022-10-07 19:50:21'),
(117, 84, 1, 118, 1, NULL, '', 0.000000, '', 2, '2022-10-07 19:51:01', '2022-10-07 19:51:02'),
(118, 85, 1, 85, 1, NULL, '', 0.000000, '', 2, '2022-10-07 19:51:56', '2022-10-07 19:51:57'),
(119, 86, 7, 86, 1, NULL, '', 0.000000, '', 2, '2022-10-07 19:52:34', '2022-10-07 19:52:37'),
(120, 87, 1, 119, 1, NULL, '', 0.000000, '', 2, '2022-10-07 19:53:08', '2022-10-07 19:53:09'),
(121, 88, 1, 120, 1, NULL, '', 0.000000, '', 2, '2022-10-07 19:56:33', '2022-10-07 19:56:34'),
(122, 89, 3, 121, 1, NULL, '', 0.000000, '', 2, '2022-10-07 20:48:41', '2022-10-07 20:48:45'),
(123, 90, 2, 122, 1, NULL, '', 0.000000, '', 2, '2022-10-08 09:59:54', '2022-10-08 09:59:55'),
(124, 91, 4, 123, 1, NULL, '', 0.000000, '', 2, '2022-10-08 10:00:56', '2022-10-08 10:00:58'),
(125, 92, 5, 124, 1, NULL, '', 0.000000, '', 2, '2022-10-08 10:01:29', '2022-10-08 10:01:31'),
(126, 93, 6, 125, 1, NULL, '', 0.000000, '', 2, '2022-10-08 10:01:55', '2022-10-08 10:01:56'),
(127, 94, 7, 126, 1, NULL, '', 0.000000, '', 2, '2022-10-08 10:02:24', '2022-10-08 10:02:25'),
(128, 95, 8, 127, 1, NULL, '', 0.000000, '', 2, '2022-10-08 10:02:56', '2022-10-08 10:02:57'),
(129, 96, 4, 128, 1, NULL, '', 0.000000, '', 2, '2022-10-09 20:32:57', '2022-10-09 20:33:01'),
(130, 97, 7, 129, 1, NULL, '', 0.000000, '', 2, '2022-10-10 18:22:16', '2022-10-10 18:22:17');

-- 
-- Dumping data for table request_form_information
--
INSERT INTO request_form_information VALUES
(88, 7, 26, 'Prk1-A', '2022-10-07 19:56:33', '2022-10-08 11:56:19', 'completed', 'October 30, 2022 9:30am'),
(89, 7, 27, 'Prk1-B', '2022-10-07 20:48:41', '2022-10-09 20:42:01', 'completed', 'October 31, 2022 10:00am'),
(90, 7, 26, 'Prk1-A', '2022-10-08 09:59:54', '2022-10-08 10:03:16', 'ready_pick_up', 'October 8, 2022 10:03am'),
(91, 7, 26, 'Prk1-A', '2022-10-08 10:00:56', '2022-10-08 10:03:25', 'ready_pick_up', 'October 8, 2022 10:03pm'),
(92, 7, 26, 'Prk1-A', '2022-10-08 10:01:29', '2022-10-08 10:03:34', 'ready_pick_up', 'October 8, 2022 10:03pm'),
(93, 7, 26, 'Prk1-A', '2022-10-08 10:01:55', '2022-10-08 10:03:51', 'ready_pick_up', 'October 8, 2022 10:03pm'),
(94, 7, 26, 'Prk1-A', '2022-10-08 10:02:24', '2022-10-08 10:04:04', 'ready_pick_up', 'October 8, 2022 10:04am'),
(95, 7, 26, 'Prk1-A', '2022-10-08 10:02:56', '2022-10-08 10:04:14', 'ready_pick_up', 'October 8, 2022 10:04pm'),
(96, 6, 25, 'Prk1-B', '2022-10-09 20:32:57', '2022-10-09 20:37:12', 'completed', 'October 31, 2022 9:00am'),
(97, 5, 30, 'Prk1-A', '2022-10-10 18:22:16', '2022-10-10 18:29:48', 'Process', '');

-- 
-- Dumping data for table request_form_type
--
INSERT INTO request_form_type VALUES
(120, 88, 1, 'CALINAN SLAUGHTER HOUSE REQUIREMENT ', '', '', 'null', '', '', '', '', '', 'Pig', 3, 'Richard Gomez', 'Mintal, Davao City', '', '', '', 0, '2022-10-07 19:56:33', '2022-10-08 09:28:54', ''),
(121, 89, 3, 'For us', '', '', 'null', '', '', '', '', '', '', 0, '', '', 'Juan Tamad', '2000-01-02', 'years', 3, '2022-10-07 20:48:41', '2022-10-07 20:48:41', ''),
(122, 90, 2, 'School Requirement', '', '', 'null', '', 'Rudy Pathon', 'Elizabeth Pathon', '50', '45', '', 0, '', '', '', '', '', 0, '2022-10-08 09:59:54', '2022-10-08 09:59:54', ''),
(123, 91, 4, 'N/A', '', '', '2022-10-08', 'Mintal, Davao City', '', '', '', '', '', 0, '', '', '', '', '', 0, '2022-10-08 10:00:56', '2022-10-08 10:00:56', ''),
(124, 92, 5, 'PCSO BILLING ASSISTANCE of JOVELY SULIBIO DIOLOLA ', '', '', 'null', '', '', '', '', '', '', 0, '', '', '', '', '', 0, '2022-10-08 10:01:29', '2022-10-08 10:01:29', ''),
(125, 93, 6, 'BIR REQUIREMENT', '', '', 'null', '', '', '', '', '', '', 0, '', '', '', '', '', 0, '2022-10-08 10:01:55', '2022-10-08 10:01:55', ''),
(126, 94, 7, 'N/A', '5', '', 'null', '', '', '', '', '', '', 0, '', '', '', '', '', 0, '2022-10-08 10:02:24', '2022-10-08 10:02:24', ''),
(127, 95, 8, 'EMPLOYMENT REQUIREMENT', '', '06579626', 'null', '', '', '', '', '', '', 0, '', '', '', '', '', 0, '2022-10-08 10:02:56', '2022-10-08 10:02:56', ''),
(128, 96, 4, 'N/A', '', '', '2022-10-09', 'Purok 7B7 Block 20 Lot 4, Barangay Los Amigos, Tugbok District, Davao City ', '', '', '', '', 'Cow', 0, '', '', '', '', '', 0, '2022-10-09 20:32:57', '2022-10-09 20:32:57', ''),
(129, 97, 7, 'For house', '3', '', 'null', '', '', '', '', '', '', 0, '', '', '', '', '', 0, '2022-10-10 18:22:16', '2022-10-10 18:22:16', '');

-- 
-- Dumping data for table status_type
--
INSERT INTO status_type VALUES
(1, 'waiting_confimation'),
(2, 'confirmed_by_resident'),
(3, 'pending_request'),
(4, 'approved'),
(5, 'disapproved'),
(6, 'processing'),
(7, 'ready to get'),
(8, 'cancel');

-- 
-- Dumping data for table tbl_announcement
--
INSERT INTO tbl_announcement VALUES
(1, 'Fiesta in our Barangay', 'Enjoy and have fun!', 'image_ann/1665204579_85.png', 'October 8, 2022 12:49pm'),
(3, 'Bagyo sa atin', 'Lorem Ipsum is simply dummy text of the printing and typesetting industry. Lorem Ipsum has been the ', 'image_ann/1665319875_13.png', 'October 9, 2022 8:50pm');

-- 
-- Dumping data for table tbl_complain
--
INSERT INTO tbl_complain VALUES
(1, '123', 1, 'test', '2023-02-06', '11:00:00', '2023-02-06 08:51:04', 'stettle', 'test', 'test', 'new'),
(2, '..', 5, 'asd', '2023-02-06', '08:56:42', '2023-02-06 00:00:00', 'ad', 'asd', 'ad', 'New');

-- 
-- Dumping data for table tbl_resident_house_member
--
INSERT INTO tbl_resident_house_member VALUES
(23, 'Donalds', 'Perry', 'Bacua', '2006-12-16', 'Sister', 'Occ1', '241663324499'),
(25, 'Fj ', 'Cruz', 'Moze', '2000-09-24', 'Brother1', 'Occu2', '141663405301'),
(26, 'Justin', 'Bohannon', 'Luyao', '2000-10-01', 'Broher1', 'Programmer1', '561664595055'),
(27, 'Peter_fname2', 'Peter_lname2', 'Peter_mname2', '2000-10-01', 'Broher2', 'Programmer2', '561664595055'),
(28, 'Peter', 'Cayatano', 'Lost anges', '2000-10-01', 'Owner account', 'Software developer', '561664595055'),
(29, 'Juan', 'Dela', 'Cruz', '2022-10-08', 'Owner account', 'Programmmer', '141663405301'),
(31, 'Clays', 'Shaw', 'Luz', '1998-12-10', 'Brother', 'Seaman', '871665397706'),
(32, 'Fletcher', 'Bridges', 'Luz', '1999-12-12', 'Eldest', 'Doctor', '871665397706'),
(33, 'Denis', 'Preston', 'Luz', '2000-11-10', 'Owner account', 'Designer', '871665397706');

-- 
-- Dumping data for table tbl_resident_new
--
INSERT INTO tbl_resident_new VALUES
(5, 'Tanuron', 'Kenneth', 'Luyao', 'kenneth.tanuron@gmail.com', '09361776112', 'Philippines', 'ken20155', '123123', 'Juan tamad', '2022-09-16', 'Programmer', 'Married', 'Joanna Rica Adalin', '2022-09-16', 'HRs', 'Yes', 'Baptist', '241663324499', 'Visitor', 'Visitor', 'Yes', 'Yes', 'Yes', '4ps', 'Yes', 'Loan', 10000.00, '1665504984_61.png', 'Occ2occ2occ2occ2occ2occ2occ2occ2occ2occ2occ2occ2occ2occ2occ2occ2occ2occ2occ2occ2occ2occ2occ2occ2occ2occ2occ2occ2occ2occ2occ2occ2occ2occ2occ2occ2occ2occ2occ2occ2occ2occ2occ2occ2occ2occ2', 'September 16, 2022 6:35pm'),
(6, 'Dela', 'Juans', 'Cruz', 'kenneth.tanuron@gmail.com', '09361776112', 'Philippines', 'juan', '123', 'Kenneth tanuron', '2022-10-08', 'Programmmer', 'Single', 'none', 'none', 'none', 'Yes', 'Herosm', '141663405301', 'Visitor', 'Visitor', 'No', 'Yes', 'Yes', '4ps', 'Yes', 'loan', 10000.00, '1665926901_59.png', 'Awdawdawdawdawdawdawdawdawdawdawdadawdawdawdawdadadawd', 'September 17, 2022 5:01pm'),
(7, 'Cayatano', 'Peter', 'Lost anges', 'peter@gmail.com', '09361776112', 'Philippines', 'peter', '123', 'Dora explorer', '2022-10-01', 'Software developer', 'Single', 'none', 'none', 'none', 'No', 'none', '561664595055', 'Permanent / Owned', 'none', 'Yes', 'Yes', 'No', 'none', 'No', 'none', 10000.00, '1664595055_15.png', 'Awdawd', 'October 1, 2022 11:30am'),
(8, 'Preston', 'Denis', 'Luz', 'denis@gmail.com', '09123456789', 'Prk 1-a bernales', 'denis', '123', 'Kenneth tanuron', '2000-11-10', 'Designer', 'Single', 'none', 'none', 'none', 'Yes', 'Lumad', '871665397706', 'Renter', 'none', 'Yes', 'Yes', 'No', 'none', 'No', 'none', 200000.00, '1665397706_20.png', 'N/a', 'October 10, 2022 6:28pm');

-- 
-- Dumping data for table tblactivity
--
INSERT INTO tblactivity VALUES
(1, '2022-09-09', 'dsadasdas', 'adasdasdas');

-- 
-- Dumping data for table tblactivityphoto
--
INSERT INTO tblactivityphoto VALUES
(1, 1, '1662435755708coke.jpg');

-- 
-- Dumping data for table tblblotter
--

-- Table db_barangay.tblblotter does not contain any data (it is empty)

-- 
-- Dumping data for table tblclearance
--
INSERT INTO tblclearance VALUES
(3, 2311, 2, 'ffdfd', 'example', 12312, 250, '2022-09-06', 'Fernando', 'Approved'),
(4, 0, 2, '', 'example', 0, 0, '2022-09-08', 'Fernando', 'Approved');

-- 
-- Dumping data for table tblhousehold
--

-- Table db_barangay.tblhousehold does not contain any data (it is empty)

-- 
-- Dumping data for table tbllogs
--
INSERT INTO tbllogs VALUES
(1, 'Administrator', '2021-10-21 16:27:24', 'Added Resident named Suares, Jude Reyes'),
(2, 'Administrator', '2021-10-22 12:16:56', 'Update Resident named Suares, Jude Reyes'),
(3, 'Administrator', '2022-09-06 06:24:24', 'Added Resident named Torres, Fernando L'),
(4, 'Administrator', '2022-09-06 11:42:35', 'Added Activity dsadasdas'),
(5, 'Administrator', '2022-10-12 12:58:40', 'Added Zone number 123123'),
(6, 'Administrator', '2022-10-12 13:06:13', 'Added Zone number 123123'),
(7, 'Administrator', '2022-10-12 13:10:48', 'Update Zone number '),
(8, 'Administrator', '2022-10-12 13:10:52', 'Update Zone number '),
(9, 'Administrator', '2022-10-12 13:11:04', 'Update Zone number '),
(10, 'Administrator', '2022-10-16 21:21:52', 'Update Zone number '),
(11, 'Administrator', '2022-10-16 21:21:57', 'Update Zone number ');

-- 
-- Dumping data for table tblofficial
--
INSERT INTO tblofficial VALUES
(4, 'Captain', 'Reymar Medes', '091234567890', 'Brgy. Tan-awan. Kabankalan City', '2018-05-22', '2022-05-22', 'Ongoing Term'),
(5, 'Kagawad(Ordinance)', 'Benjie Miranda', '09234567894', 'Brgy. Tan-awan. Kabankalan City', '2018-05-21', '2022-05-23', 'Ongoing Term'),
(6, 'Kagawad(Public Safety)', 'Rhodora Molina', '09452316722', 'Brgy. Tan-awan. Kabankalan City', '2018-05-22', '2022-05-22', 'Ongoing Term'),
(7, 'Kagawad(Tourism)', 'Ronilo Boyayot', '09456732456', 'Brgy. Tan-awan. Kabankalan City', '2018-05-22', '2022-05-22', 'Ongoing Term'),
(8, 'Kagawad(Budget & Finance)', 'Dondon Laurico', '09337869045', 'Brgy. Tan-awan. Kabankalan City', '2018-05-22', '2022-05-22', 'Ongoing Term'),
(9, 'Kagawad(Agriculture)', 'Joseph Soligan', '09227865784', 'Brgy.Tan-awan, Kabankalan City', '2018-05-22', '2022-05-22', 'Ongoing Term'),
(10, 'Kagawad(Education)', 'Idol Anono', '094567892341', 'Brgy. Tan-awan. Kabankalan City', '2018-05-22', '2022-05-23', 'Ongoing Term'),
(11, 'Kagawad(Infrastracture)', 'Rolly Torres', '09386784563', 'Brgy. Tan-awan. Kabankalan City', '2018-05-22', '2022-05-22', 'Ongoing Term');

-- 
-- Dumping data for table tblpermit
--
INSERT INTO tblpermit VALUES
(1, 2, 'Juan Company', 'Prk1', 'Merchandising', 0, 0, '2022-09-13', 'fj', 'Approved');

-- 
-- Dumping data for table tblresident
--
INSERT INTO tblresident VALUES
(1, 'Suares', 'Jude', 'Reyes', '2021-10-12', 'Brgy. Mambato, Himamaylan City', 0, 'Brgy.Tan-awan', '1', 10, 'yes', 'Brother', 'single', '0+', 'Single', 'Programmer', 300000, 1, 5, 'Catholic', 'Filipino', 'Male', 'Programming', 1122, 2147483647, 'Doctorate degree', 'Live with Parents/Relatives', 'Care Taker', '2nd Option', 'Deep Well', '2147483647', 'Water-sealed', 'brgy. enlcaro', 'None', '1634804844819_[Complete] Laravel Ecommerce Project with Source Code.png', 'jude', 'jude123'),
(2, 'Tamad', 'Juan', 'L', '2022-09-14', 'dsa', 0, 'dsa', '21321', 1, 'dasds', 'dsadss', 'asd', 'asdas', 'adas', 'dsad', 123, 2323, 44, 'dasd', 'asdsa', 'Male', 'ads', 213, 4534543, 'Doctorate degree', 'Own Home', 'Owned', '1st Option', 'Faucet', 'Lamp', 'Antipolo', 'dsad', 'dasdaas', '1662416664725_das.jpg', 'resident', 'resident123');

-- 
-- Dumping data for table tblstaff
--
INSERT INTO tblstaff VALUES
(1, 'Adones Evangelista', 'adones', 'adones123');

-- 
-- Dumping data for table tbluser
--
INSERT INTO tbluser VALUES
(1, 'admin', 'admin', 'administrator'),
(2, 'zone', 'zone', 'zoneleader');

-- 
-- Dumping data for table tblzone
--
INSERT INTO tblzone VALUES
(1, '051820', 'zone_leader', 'zone_leader123'),
(5, '123123', 'zone_leader2', 'zone_leader2'),
(6, '123123123', 'zone_leader3', 'zone_leader3');

-- 
-- Enable foreign keys
-- 
/*!40014 SET FOREIGN_KEY_CHECKS=@OLD_FOREIGN_KEY_CHECKS */;